event	stage	breaker 1 (red)	breaker 2 (blue)	winner	battle rounds	number of judges	breaker 1 round wins	breaker 2 round wins	tie rounds	breaker 1 vote count	breaker 2 vote count	tie vote count	breaker 1 points	breaker 2 points	judge 1 name	judge 2 name	judge 3 name	judge 4 name	judge 5 name	judge 6 name	judge 7 name	judge 8 name	judge 9 name	r1j1over	r1j1redp	r1j1blup	r1j2over	r1j2redp	r1j2blup	r1j3over	r1j3redp	r1j3blup	r1j4over	r1j4redp	r1j4blup	r1j5over	r1j5redp	r1j5blup	r1j6over	r1j6redp	r1j6blup	r1j7over	r1j7redp	r1j7blup	r1j8over	r1j8redp	r1j8blup	r1j9over	r1j9redp	r1j9blup	r2j1over	r2j1redp	r2j1blup	r2j2over	r2j2redp	r2j2blup	r2j3over	r2j3redp	r2j3blup	r2j4over	r2j4redp	r2j4blup	r2j5over	r2j5redp	r2j5blup	r2j6over	r2j6redp	r2j6blup	r2j7over	r2j7redp	r2j7blup	r2j8over	r2j8redp	r2j8blup	r2j9over	r2j9redp	r2j9blup	r3j1over	r3j1redp	r3j1blup	r3j2over	r3j2redp	r3j2blup	r3j3over	r3j3redp	r3j3blup	r3j4over	r3j4redp	r3j4blup	r3j5over	r3j5redp	r3j5blup	r3j6over	r3j6redp	r3j6blup	r3j7over	r3j7redp	r3j7blup	r3j8over	r3j8redp	r3j8blup	r3j9over	r3j9redp	r3j9blup	r4j1over	r4j1redp	r4j1blup	r4j2over	r4j2redp	r4j2blup	r4j3over	r4j3redp	r4j3blup	r4j4over	r4j4redp	r4j4blup	r4j5over	r4j5redp	r4j5blup	r4j6over	r4j6redp	r4j6blup	r4j7over	r4j7redp	r4j7blup	r4j8over	r4j8redp	r4j8blup	r4j9over	r4j9redp	r4j9blup	r5j1over	r5j1redp	r5j1blup	r5j2over	r5j2redp	r5j2blup	r5j3over	r5j3redp	r5j3blup	r5j4over	r5j4redp	r5j4blup	r5j5over	r5j5redp	r5j5blup	r5j6over	r5j6redp	r5j6blup	r5j7over	r5j7redp	r5j7blup	r5j8over	r5j8redp	r5j8blup	r5j9over	r5j9redp	r5j9blup	date	source	source url
Brooklyn's Breaking Academy - Battle Series Vol. 4	1vs1 Kill-The-Beat Brawl Top 4 KnockOut	Bboy AntMan	Nicholas	Nicholas	1	1	0	1	0	0	1	0	0	10	JSerious									10	0	10																																																																																																																																					2026-01-28	breakkonnect	https://breakkonnect.com/sparring/60887
Brooklyn's Breaking Academy - Battle Series Vol. 4	1vs1 Kill-The-Beat Brawl Top 4 KnockOut	Lil Serious	Blaze	Blaze	1	1	0	1	0	0	1	0	0	10	JSerious									10	0	10																																																																																																																																					2026-01-28	breakkonnect	https://breakkonnect.com/sparring/60888
Brooklyn's Breaking Academy - Battle Series Vol. 4	1vs1 Kill-The-Beat Brawl Top 4 KnockOut	Nicholas	Blaze	Nicholas	1	1	1	0	0	1	0	0	10	0	JSerious									-10	10	0																																																																																																																																					2026-01-28	breakkonnect	https://breakkonnect.com/sparring/60889
Cap City Breaking Jam	1vs1 Youth Top 16 KnockOut	Nolo	Bboy Kai	Nolo	1	1	1	0	0	1	0	0	10	9	TV Breaks									-1	10	9																																																																																																																																					2026-08-15	breakkonnect	https://breakkonnect.com/sparring/71467
Cap City Breaking Jam	1vs1 Youth Top 16 KnockOut	Charles	BBoy Cabbage Patch	BBoy Cabbage Patch	1	1	0	1	0	0	1	0	9	10	TV Breaks									1	9	10																																																																																																																																					2026-08-15	breakkonnect	https://breakkonnect.com/sparring/71468
Cap City Breaking Jam	1vs1 Youth Top 16 KnockOut	Lala	Heartbreak Laik	Lala	1	1	1	0	0	1	0	0	10	9	TV Breaks									-1	10	9																																																																																																																																					2026-08-15	breakkonnect	https://breakkonnect.com/sparring/71469
Cap City Breaking Jam	1vs1 Youth Top 16 KnockOut	Baby J	Roen	Roen	1	1	0	1	0	0	1	0	9	10	TV Breaks									1	9	10																																																																																																																																					2026-08-15	breakkonnect	https://breakkonnect.com/sparring/71470
Cap City Breaking Jam	1vs1 Youth Top 16 KnockOut	Litos	Mello	Litos	1	1	1	0	0	1	0	0	10	9	TV Breaks									-1	10	9																																																																																																																																					2026-08-15	breakkonnect	https://breakkonnect.com/sparring/71471
Cap City Breaking Jam	1vs1 Youth Top 16 KnockOut	Bboy Jah	Grim	Bboy Jah	1	1	1	0	0	1	0	0	10	9	TV Breaks									-1	10	9																																																																																																																																					2026-08-15	breakkonnect	https://breakkonnect.com/sparring/71472
Cap City Breaking Jam	1vs1 Youth Top 16 KnockOut	Surge	Bboy Tymosh Phaze II	Surge	1	1	1	0	0	1	0	0	10	9	TV Breaks									-1	10	9																																																																																																																																					2026-08-15	breakkonnect	https://breakkonnect.com/sparring/71473
Cap City Breaking Jam	1vs1 Youth Top 16 KnockOut	DonniSw	BBoy Suga Krisp	BBoy Suga Krisp	1	1	0	1	0	0	1	0	9	10	TV Breaks									1	9	10																																																																																																																																					2026-08-15	breakkonnect	https://breakkonnect.com/sparring/71474
Cap City Breaking Jam	1vs1 Youth Top 16 KnockOut	Nolo	BBoy Cabbage Patch	Nolo	1	1	1	0	0	1	0	0	10	9	TV Breaks									-1	10	9																																																																																																																																					2026-08-15	breakkonnect	https://breakkonnect.com/sparring/71475
Cap City Breaking Jam	1vs1 Youth Top 16 KnockOut	Lala	Roen	Roen	1	1	0	1	0	0	1	0	9	10	TV Breaks									1	9	10																																																																																																																																					2026-08-15	breakkonnect	https://breakkonnect.com/sparring/71476
Cap City Breaking Jam	1vs1 Youth Top 16 KnockOut	Litos	Bboy Jah	Litos	1	1	1	0	0	1	0	0	10	9	TV Breaks									-1	10	9																																																																																																																																					2026-08-15	breakkonnect	https://breakkonnect.com/sparring/71477
Cap City Breaking Jam	1vs1 Youth Top 16 KnockOut	Surge	BBoy Suga Krisp	Surge	1	1	1	0	0	1	0	0	10	9	TV Breaks									-1	10	9																																																																																																																																					2026-08-15	breakkonnect	https://breakkonnect.com/sparring/71478
Cap City Breaking Jam	1vs1 Youth Top 16 KnockOut	Nolo	Roen	Roen	1	1	0	1	0	0	1	0	9	10	TV Breaks									1	9	10																																																																																																																																					2026-08-15	breakkonnect	https://breakkonnect.com/sparring/71479
Cap City Breaking Jam	1vs1 Youth Top 16 KnockOut	Litos	Surge	Litos	1	1	1	0	0	1	0	0	10	9	TV Breaks									-1	10	9																																																																																																																																					2026-08-15	breakkonnect	https://breakkonnect.com/sparring/71480
Cap City Breaking Jam	1vs1 Youth Top 16 KnockOut	Roen	Litos	Litos	1	1	0	1	0	0	1	0	9	10	TV Breaks									1	9	10																																																																																																																																					2026-08-15	breakkonnect	https://breakkonnect.com/sparring/71481
